<?xml version="1.0" encoding="UTF-8"?>
<DEFECTS>
  <DEFECT>
    <SFA>
      <FILEPATH>D:\Everything\OOPROO4\Poker\poker\poker\</FILEPATH>
      <FILENAME>Card.cpp</FILENAME>
      <LINE>9</LINE>
      <COLUMN>9</COLUMN>
    </SFA>
    <DEFECTCODE>26812</DEFECTCODE>
    <DESCRIPTION>The enum type 'Suit' is unscoped. Prefer 'enum class' over 'enum' (Enum.3).</DESCRIPTION>
    <FUNCTION>Card::{ctor}</FUNCTION>
    <DECORATED>??0Card@@QEAA@XZ</DECORATED>
    <FUNCLINE>5</FUNCLINE>
    <PATH></PATH>
  </DEFECT>
</DEFECTS>