<?xml version="1.0" encoding="UTF-8"?>
<DEFECTS>
  <DEFECT>
    <SFA>
      <FILEPATH>D:\Everything\OOPROO4\Poker\poker\poker\</FILEPATH>
      <FILENAME>Player.cpp</FILENAME>
      <LINE>18</LINE>
      <COLUMN>9</COLUMN>
    </SFA>
    <DEFECTCODE>26812</DEFECTCODE>
    <DESCRIPTION>The enum type 'handType' is unscoped. Prefer 'enum class' over 'enum' (Enum.3).</DESCRIPTION>
    <FUNCTION>Player::{ctor}</FUNCTION>
    <DECORATED>??0Player@@QEAA@V?$basic_string@DU?$char_traits@D@std@@V?$allocator@D@2@@std@@H_N@Z</DECORATED>
    <FUNCLINE>13</FUNCLINE>
    <PATH></PATH>
  </DEFECT>
</DEFECTS>