﻿<?xml version="1.0" encoding="utf-8"?><DEFECTS><DEFECT>
    <SFA>
      <FILEPATH>D:\Everything\OOPROO4\Poker\poker\poker\</FILEPATH>
      <FILENAME>Card.cpp</FILENAME>
      <LINE>9</LINE>
      <COLUMN>9</COLUMN>
    </SFA>
    <DEFECTCODE>26812</DEFECTCODE>
    <DESCRIPTION>The enum type 'Suit' is unscoped. Prefer 'enum class' over 'enum' (Enum.3).</DESCRIPTION>
    <FUNCTION>Card::{ctor}</FUNCTION>
    <DECORATED>??0Card@@QEAA@XZ</DECORATED>
    <FUNCLINE>5</FUNCLINE>
    <PATH></PATH>
  </DEFECT><DEFECT>
    <SFA>
      <FILEPATH>D:\Everything\OOPROO4\Poker\poker\poker\</FILEPATH>
      <FILENAME>Game.cpp</FILENAME>
      <LINE>402</LINE>
      <COLUMN>11</COLUMN>
    </SFA>
    <DEFECTCODE>26812</DEFECTCODE>
    <DESCRIPTION>The enum type 'handType' is unscoped. Prefer 'enum class' over 'enum' (Enum.3).</DESCRIPTION>
    <FUNCTION>Game::setHandType</FUNCTION>
    <DECORATED>?setHandType@Game@@AEAAXPEAVPlayer@@W4handType@@@Z</DECORATED>
    <FUNCLINE>402</FUNCLINE>
    <PATH></PATH>
  </DEFECT><DEFECT>
    <SFA>
      <FILEPATH>D:\Everything\OOPROO4\Poker\poker\poker\</FILEPATH>
      <FILENAME>Game.cpp</FILENAME>
      <LINE>801</LINE>
      <COLUMN>42</COLUMN>
    </SFA>
    <DEFECTCODE>26812</DEFECTCODE>
    <DESCRIPTION>The enum type 'Suit' is unscoped. Prefer 'enum class' over 'enum' (Enum.3).</DESCRIPTION>
    <FUNCTION>Game::RoyalFlush</FUNCTION>
    <DECORATED>?RoyalFlush@Game@@AEAA_NXZ</DECORATED>
    <FUNCLINE>788</FUNCLINE>
    <PATH></PATH>
  </DEFECT><DEFECT>
    <SFA>
      <FILEPATH>D:\Everything\OOPROO4\Poker\poker\poker\</FILEPATH>
      <FILENAME>Player.cpp</FILENAME>
      <LINE>18</LINE>
      <COLUMN>9</COLUMN>
    </SFA>
    <DEFECTCODE>26812</DEFECTCODE>
    <DESCRIPTION>The enum type 'handType' is unscoped. Prefer 'enum class' over 'enum' (Enum.3).</DESCRIPTION>
    <FUNCTION>Player::{ctor}</FUNCTION>
    <DECORATED>??0Player@@QEAA@V?$basic_string@DU?$char_traits@D@std@@V?$allocator@D@2@@std@@H_N@Z</DECORATED>
    <FUNCLINE>13</FUNCLINE>
    <PATH></PATH>
  </DEFECT></DEFECTS>